{"cameraMode":{"drawMode":0,"name":"Shaded","section":"Shading Mode"},"sceneLighting":true,"audioPlay":false,"sceneViewState":{"m_AlwaysRefresh":false,"showFog":true,"showSkybox":true,"showFlares":true,"showImageEffects":true,"showParticleSystems":true,"showVisualEffectGraphs":true,"m_FxEnabled":true},"in2DMode":false,"pivot":{"x":-2.5287513732910158,"y":0.048299312591552737,"z":1.6788015365600587},"rotation":{"x":0.22417567670345307,"y":0.35548135638237,"z":-0.08824017643928528,"w":0.9031054973602295},"size":2.27331805229187,"orthographic":false}