{"cameraMode":{"drawMode":0,"name":"Shaded","section":"Shading Mode"},"sceneLighting":true,"audioPlay":false,"sceneViewState":{"m_AlwaysRefresh":false,"showFog":true,"showSkybox":true,"showFlares":true,"showImageEffects":true,"showParticleSystems":true,"showVisualEffectGraphs":true,"m_FxEnabled":true},"in2DMode":false,"pivot":{"x":0.3144111633300781,"y":-2.5373220443725588,"z":0.8955972194671631},"rotation":{"x":0.48154133558273318,"y":0.1463770568370819,"z":-0.0819552093744278,"w":0.8602614402770996},"size":3.391958475112915,"orthographic":false}