{"cameraMode":{"drawMode":0,"name":"Shaded","section":"Shading Mode"},"sceneLighting":true,"audioPlay":false,"sceneViewState":{"m_AlwaysRefresh":false,"showFog":true,"showSkybox":true,"showFlares":true,"showImageEffects":true,"showParticleSystems":true,"showVisualEffectGraphs":true,"m_FxEnabled":true},"in2DMode":false,"pivot":{"x":0.10765799880027771,"y":-0.206415593624115,"z":-0.06558045744895935},"rotation":{"x":0.06054693087935448,"y":0.9380790591239929,"z":-0.21352852880954743,"w":0.2659958600997925},"size":0.9711293578147888,"orthographic":false}