{"cameraMode":{"drawMode":0,"name":"Shaded","section":"Shading Mode"},"sceneLighting":false,"audioPlay":false,"sceneViewState":{"m_AlwaysRefresh":false,"showFog":false,"showSkybox":false,"showFlares":false,"showImageEffects":false,"showParticleSystems":false,"showVisualEffectGraphs":true,"m_FxEnabled":true},"in2DMode":false,"pivot":{"x":0.44793379306793215,"y":0.15925654768943788,"z":0.06583858281373978},"rotation":{"x":0.1061403900384903,"y":0.6974547505378723,"z":-0.10563047230243683,"w":0.7008146047592163},"size":0.6711292862892151,"orthographic":false}